id,first_name,last_name,email,gender,ip_address
1,Teresa,Willis,twillis0@cocolog-nifty.com,Female,101.136.38.219
2,Robert,Sullivan,rsullivan1@behance.net,Male,108.116.43.27
3,Catherine,Burton,cburton2@wikispaces.com,Female,80.205.184.0
4,Wayne,Gilbert,wgilbert3@engadget.com,Male,78.214.26.80
5,Christine,Campbell,ccampbell4@telegraph.co.uk,Female,233.66.108.133
6,Dorothy,Miller,dmiller5@cpanel.net,Female,41.109.155.125
7,Mark,Bailey,mbailey6@furl.net,Male,80.47.51.87
8,Rose,Nelson,rnelson7@arizona.edu,Female,255.184.252.157
9,Louise,Gordon,lgordon8@latimes.com,Female,114.37.88.93
10,Lisa,Kim,lkim9@tinypic.com,Female,5.75.226.1
11,Gregory,Murray,gmurraya@blogger.com,Male,23.165.209.170
12,Fred,Perez,fperezb@twitpic.com,Male,54.53.17.62
13,Ralph,Simmons,rsimmonsc@cyberchimps.com,Male,105.89.45.69
14,John,Phillips,jphillipsd@goodreads.com,Male,209.40.242.223
15,Gloria,Hanson,ghansone@gnu.org,Female,196.125.63.111
16,Joyce,Hawkins,jhawkinsf@w3.org,Female,138.103.76.69
17,Louis,Kim,lkimg@gravatar.com,Male,144.235.225.16
18,Louise,Jones,ljonesh@networkadvertising.org,Female,156.250.92.74
19,Sarah,Rogers,srogersi@cam.ac.uk,Female,224.209.28.41
20,Steven,Vasquez,svasquezj@netscape.com,Male,24.244.35.81
21,Wayne,Edwards,wedwardsk@ask.com,Male,221.64.159.176
22,Kevin,Martin,kmartinl@house.gov,Male,94.203.200.153
23,Virginia,Anderson,vandersonm@yahoo.co.jp,Female,104.40.27.43
24,Samuel,Montgomery,smontgomeryn@cmu.edu,Male,107.201.52.71
25,Jimmy,Marshall,jmarshallo@mashable.com,Male,135.5.217.84
26,Arthur,Cruz,acruzp@hp.com,Male,176.214.64.87
27,Rebecca,Sullivan,rsullivanq@geocities.jp,Female,20.103.66.219
28,Ruby,Wagner,rwagnerr@ihg.com,Female,79.195.161.133
29,Clarence,Davis,cdaviss@pinterest.com,Male,25.250.42.230
30,Margaret,Frazier,mfraziert@amazon.com,Female,7.165.16.13
31,Jean,Weaver,jweaveru@tripadvisor.com,Female,28.164.37.148
32,Jesse,Peterson,jpetersonv@barnesandnoble.com,Male,197.31.201.214
33,Ernest,Spencer,espencerw@geocities.com,Male,209.24.194.136
34,Ann,Ford,afordx@theatlantic.com,Female,129.223.98.185
35,George,Reyes,greyesy@youtu.be,Male,93.95.144.49
36,Helen,Harris,hharrisz@state.tx.us,Female,26.30.214.198
37,Edward,Simmons,esimmons10@guardian.co.uk,Male,220.23.229.241
38,Sean,Peters,speters11@spiegel.de,Male,156.105.40.87
39,Matthew,Mitchell,mmitchell12@hubpages.com,Male,35.250.251.124
40,Andrew,Ellis,aellis13@360.cn,Male,50.96.226.155
41,Benjamin,Reed,breed14@instagram.com,Male,36.12.149.167
42,Ronald,George,rgeorge15@admin.ch,Male,110.166.2.1
43,Jerry,Alvarez,jalvarez16@cmu.edu,Male,59.21.172.183
44,David,Martin,dmartin17@nhs.uk,Male,95.223.41.8
45,Nicole,Wright,nwright18@storify.com,Female,106.173.66.198
46,Juan,Andrews,jandrews19@mac.com,Male,75.29.72.179
47,Jonathan,Berry,jberry1a@gravatar.com,Male,189.21.37.165
48,Paul,Jenkins,pjenkins1b@ow.ly,Male,158.76.246.61
49,Ryan,Hawkins,rhawkins1c@toplist.cz,Male,79.58.80.23
50,Theresa,Hawkins,thawkins1d@yale.edu,Female,173.164.13.230
51,Lois,Hamilton,lhamilton1e@google.es,Female,120.168.171.115
52,Edward,Sanders,esanders1f@google.co.uk,Male,225.204.210.92
53,Bobby,Young,byoung1g@mysql.com,Male,53.93.247.174
54,Julia,Watkins,jwatkins1h@quantcast.com,Female,17.34.199.148
55,Julie,Watkins,jwatkins1i@psu.edu,Female,41.104.78.103
56,Kathleen,Banks,kbanks1j@paypal.com,Female,203.131.192.108
57,John,Evans,jevans1k@un.org,Male,17.28.239.135
58,Tammy,Sims,tsims1l@shareasale.com,Female,204.138.48.169
59,Anthony,Mills,amills1m@nifty.com,Male,2.163.92.161
60,Jessica,Johnston,jjohnston1n@narod.ru,Female,65.36.9.59
61,Teresa,Webb,twebb1o@google.de,Female,204.176.59.147
62,Joyce,Shaw,jshaw1p@businesswire.com,Female,3.112.115.251
63,David,Anderson,danderson1q@princeton.edu,Male,212.9.79.18
64,Jerry,Morales,jmorales1r@japanpost.jp,Male,81.1.236.121
65,Michelle,Diaz,mdiaz1s@e-recht24.de,Female,176.128.199.205
66,Christopher,Richards,crichards1t@networkadvertising.org,Male,126.136.248.227
67,Wanda,Jenkins,wjenkins1u@shareasale.com,Female,164.29.75.242
68,Pamela,Bailey,pbailey1v@ycombinator.com,Female,147.95.237.85
69,Daniel,Hill,dhill1w@networkadvertising.org,Male,110.200.220.238
70,Adam,Adams,aadams1x@cocolog-nifty.com,Male,84.202.6.153
71,Aaron,Tucker,atucker1y@imdb.com,Male,207.86.219.219
72,Brandon,Stanley,bstanley1z@phpbb.com,Male,53.55.139.170
73,Denise,George,dgeorge20@wikipedia.org,Female,255.219.183.43
74,Scott,Burns,sburns21@networksolutions.com,Male,195.154.189.82
75,Jean,Henderson,jhenderson22@google.it,Female,156.44.247.191
76,David,Mason,dmason23@newsvine.com,Male,52.82.32.188
77,Daniel,Wells,dwells24@prweb.com,Male,12.229.182.72
78,Samuel,Gilbert,sgilbert25@state.gov,Male,166.181.70.93
79,Angela,Perez,aperez26@flavors.me,Female,205.6.191.129
80,Albert,Adams,aadams27@rambler.ru,Male,124.180.154.111
81,Gloria,Nelson,gnelson28@naver.com,Female,106.104.193.149
82,Helen,Crawford,hcrawford29@bandcamp.com,Female,50.42.53.179
83,Jessica,Elliott,jelliott2a@gnu.org,Female,197.26.184.109
84,Ryan,Banks,rbanks2b@list-manage.com,Male,41.84.74.144
85,Shawn,Hawkins,shawkins2c@senate.gov,Male,63.40.26.247
86,Ruth,Chavez,rchavez2d@alibaba.com,Female,149.54.84.74
87,Lawrence,Austin,laustin2e@bbb.org,Male,222.134.225.80
88,Amy,Ray,aray2f@ucsd.edu,Female,252.110.31.72
89,Christina,Ross,cross2g@privacy.gov.au,Female,152.234.101.80
90,Clarence,Shaw,cshaw2h@fda.gov,Male,253.62.219.53
91,Ryan,Reyes,rreyes2i@ca.gov,Male,119.41.0.2
92,Lori,Bell,lbell2j@yelp.com,Female,43.2.111.78
93,Janice,Porter,jporter2k@barnesandnoble.com,Female,195.12.9.229
94,Gary,Carroll,gcarroll2l@hp.com,Male,72.212.169.240
95,Jacqueline,Cole,jcole2m@whitehouse.gov,Female,195.76.160.86
96,Roger,Mendoza,rmendoza2n@discuz.net,Male,250.190.140.6
97,Jerry,Ward,jward2o@auda.org.au,Male,195.254.139.105
98,Howard,Castillo,hcastillo2p@hhs.gov,Male,97.180.93.50
99,Bobby,Williamson,bwilliamson2q@spiegel.de,Male,30.89.29.220
100,Henry,Wood,hwood2r@flavors.me,Male,55.145.122.98
101,Evelyn,Alvarez,ealvarez2s@4shared.com,Female,182.181.37.248
102,Kevin,Sanchez,ksanchez2t@sitemeter.com,Male,204.159.117.35
103,Kelly,Lawson,klawson2u@about.me,Female,219.180.23.151
104,Andrew,Dixon,adixon2v@twitter.com,Male,61.50.113.159
105,Carl,Bennett,cbennett2w@cmu.edu,Male,210.115.209.156
106,Gerald,Hart,ghart2x@dagondesign.com,Male,7.226.229.111
107,Mark,Marshall,mmarshall2y@joomla.org,Male,52.138.108.219
108,Michael,Garcia,mgarcia2z@hc360.com,Male,151.62.83.19
109,David,Reid,dreid30@microsoft.com,Male,36.66.186.101
110,Christopher,Peterson,cpeterson31@g.co,Male,25.15.18.167
111,Ronald,Edwards,redwards32@wisc.edu,Male,179.60.195.244
112,Amy,Hart,ahart33@slate.com,Female,165.87.183.194
113,Jane,Allen,jallen34@creativecommons.org,Female,128.134.188.59
114,Marilyn,Nguyen,mnguyen35@deviantart.com,Female,199.140.121.59
115,Benjamin,Andrews,bandrews36@artisteer.com,Male,169.0.82.135
116,Judith,Meyer,jmeyer37@salon.com,Female,36.92.179.122
117,Anna,Lane,alane38@bluehost.com,Female,104.218.81.124
118,Frank,Barnes,fbarnes39@washington.edu,Male,122.164.222.77
119,Gerald,Lane,glane3a@huffingtonpost.com,Male,226.159.176.124
120,Ryan,Fields,rfields3b@statcounter.com,Male,129.207.154.148
121,Janet,Arnold,jarnold3c@hp.com,Female,253.205.159.80
122,Margaret,Shaw,mshaw3d@patch.com,Female,199.244.183.5
123,Melissa,Watson,mwatson3e@theguardian.com,Female,65.119.222.251
124,Jack,Austin,jaustin3f@reddit.com,Male,21.183.84.113
125,Julie,Sanders,jsanders3g@netvibes.com,Female,104.88.12.188
126,Lillian,Collins,lcollins3h@gizmodo.com,Female,157.244.91.116
127,Randy,Murphy,rmurphy3i@telegraph.co.uk,Male,234.240.207.81
128,Brian,Dunn,bdunn3j@ezinearticles.com,Male,238.0.99.133
129,Ashley,Rose,arose3k@soup.io,Female,188.36.5.106
130,Daniel,Russell,drussell3l@moonfruit.com,Male,206.77.200.52
131,Sarah,Cole,scole3m@wordpress.com,Female,24.206.252.158
132,Jacqueline,Robinson,jrobinson3n@yale.edu,Female,105.134.214.126
133,Sara,Owens,sowens3o@auda.org.au,Female,156.21.175.241
134,Louise,Clark,lclark3p@sfgate.com,Female,112.211.248.250
135,Pamela,Mitchell,pmitchell3q@howstuffworks.com,Female,73.187.215.230
136,Terry,Cruz,tcruz3r@comsenz.com,Male,173.12.36.126
137,Gary,Reed,greed3s@epa.gov,Male,155.14.92.207
138,Russell,Stephens,rstephens3t@huffingtonpost.com,Male,222.244.10.24
139,Bobby,Campbell,bcampbell3u@tinypic.com,Male,93.189.231.181
140,Steven,Pierce,spierce3v@wisc.edu,Male,126.150.121.13
141,Tina,Simmons,tsimmons3w@gov.uk,Female,165.115.136.216
142,Tina,Williamson,twilliamson3x@squidoo.com,Female,63.125.16.187
143,Joseph,Brooks,jbrooks3y@bigcartel.com,Male,41.32.83.127
144,Arthur,Cole,acole3z@usa.gov,Male,133.102.250.109
145,Terry,Reynolds,treynolds40@yahoo.com,Male,125.195.189.14
146,Paul,Weaver,pweaver41@google.nl,Male,33.96.206.39
147,Sandra,Bell,sbell42@dmoz.org,Female,87.124.253.10
148,Jerry,Lopez,jlopez43@army.mil,Male,210.161.125.168
149,Nancy,Burns,nburns44@altervista.org,Female,219.135.31.34
150,David,Gardner,dgardner45@wikimedia.org,Male,89.165.12.7
151,Irene,Mills,imills46@amazon.de,Female,9.40.123.97
152,Heather,West,hwest47@unc.edu,Female,231.110.49.125
153,Maria,Gray,mgray48@wix.com,Female,53.89.145.244
154,Rebecca,Burke,rburke49@gmpg.org,Female,70.142.143.223
155,Tammy,Hill,thill4a@omniture.com,Female,153.242.72.22
156,Rachel,Cox,rcox4b@discovery.com,Female,64.120.26.51
157,David,Oliver,doliver4c@wiley.com,Male,171.136.143.197
158,Dorothy,Robertson,drobertson4d@skype.com,Female,12.124.154.9
159,Randy,Stanley,rstanley4e@reddit.com,Male,153.191.219.237
160,Charles,Griffin,cgriffin4f@oaic.gov.au,Male,164.237.168.30
161,Patricia,Mason,pmason4g@economist.com,Female,235.40.197.132
162,Edward,Reid,ereid4h@census.gov,Male,186.156.135.242
163,Lori,Vasquez,lvasquez4i@addthis.com,Female,217.73.29.20
164,Julie,Peterson,jpeterson4j@blogtalkradio.com,Female,40.174.242.234
165,Matthew,Kelly,mkelly4k@theatlantic.com,Male,12.229.240.148
166,Stephen,Price,sprice4l@joomla.org,Male,14.90.188.219
167,Diana,Cooper,dcooper4m@dailymotion.com,Female,213.69.211.74
168,Doris,Morales,dmorales4n@cam.ac.uk,Female,113.250.231.114
169,Louise,Reid,lreid4o@amazon.co.uk,Female,207.222.88.32
170,Dennis,Jones,djones4p@xing.com,Male,174.137.228.125
171,Jacqueline,Carroll,jcarroll4q@biblegateway.com,Female,68.123.236.70
172,Andrew,Cruz,acruz4r@hostgator.com,Male,125.246.249.85
173,Mark,Cook,mcook4s@usa.gov,Male,20.249.222.11
174,Wayne,Hicks,whicks4t@hc360.com,Male,25.85.26.110
175,Thomas,Henderson,thenderson4u@youku.com,Male,96.154.149.191
176,Sarah,Sanchez,ssanchez4v@github.com,Female,19.210.6.246
177,Emily,Schmidt,eschmidt4w@usa.gov,Female,141.220.61.87
178,Gary,Simpson,gsimpson4x@canalblog.com,Male,88.75.244.207
179,Pamela,Ruiz,pruiz4y@topsy.com,Female,117.232.159.50
180,Ernest,Nelson,enelson4z@go.com,Male,148.159.136.247
181,Carolyn,Frazier,cfrazier50@wikimedia.org,Female,191.119.120.151
182,Stephanie,Carter,scarter51@skyrock.com,Female,90.168.230.15
183,Sharon,Payne,spayne52@ezinearticles.com,Female,228.197.170.178
184,Kelly,Sims,ksims53@eventbrite.com,Female,180.219.190.115
185,Julia,Cunningham,jcunningham54@dailymotion.com,Female,200.202.241.47
186,Douglas,Allen,dallen55@ox.ac.uk,Male,220.37.57.126
187,Pamela,Dunn,pdunn56@php.net,Female,55.230.194.121
188,Anna,Peters,apeters57@uol.com.br,Female,239.225.205.67
189,Sara,Murphy,smurphy58@fema.gov,Female,184.54.41.115
190,Kevin,Parker,kparker59@deliciousdays.com,Male,56.93.131.100
191,Kenneth,Gibson,kgibson5a@last.fm,Male,127.104.215.88
192,Gary,Duncan,gduncan5b@nytimes.com,Male,101.146.49.35
193,Diana,Bowman,dbowman5c@jalbum.net,Female,164.230.1.89
194,Marilyn,Cook,mcook5d@harvard.edu,Female,49.108.130.28
195,Joan,Stephens,jstephens5e@examiner.com,Female,114.146.17.32
196,Willie,Freeman,wfreeman5f@bbc.co.uk,Male,196.142.70.145
197,Christine,Austin,caustin5g@ft.com,Female,248.222.194.8
198,Aaron,Burton,aburton5h@pcworld.com,Male,92.170.57.111
199,Scott,Frazier,sfrazier5i@irs.gov,Male,120.16.21.84
200,Rachel,Burton,rburton5j@blogspot.com,Female,76.212.16.132
201,Christine,Ward,cward5k@sphinn.com,Female,182.116.234.79
202,George,Graham,ggraham5l@networkadvertising.org,Male,29.26.226.115
203,Christopher,Fuller,cfuller5m@comcast.net,Male,65.227.219.137
204,Sean,Woods,swoods5n@unesco.org,Male,37.153.27.119
205,Tammy,White,twhite5o@msu.edu,Female,216.119.83.198
206,Susan,Jackson,sjackson5p@hugedomains.com,Female,177.127.76.85
207,Jacqueline,Wallace,jwallace5q@histats.com,Female,235.114.145.145
208,Matthew,Stone,mstone5r@istockphoto.com,Male,19.123.28.146
209,Judy,Jackson,jjackson5s@digg.com,Female,157.204.114.235
210,Todd,Fields,tfields5t@de.vu,Male,55.224.146.226
211,Ruth,Hunt,rhunt5u@usa.gov,Female,121.220.165.10
212,Timothy,Alvarez,talvarez5v@google.co.uk,Male,13.14.236.234
213,Kevin,Wright,kwright5w@aol.com,Male,109.181.25.148
214,Raymond,Young,ryoung5x@globo.com,Male,87.56.227.87
215,Jonathan,Patterson,jpatterson5y@ning.com,Male,64.139.193.19
216,Douglas,Wright,dwright5z@scientificamerican.com,Male,223.20.152.160
217,Richard,Daniels,rdaniels60@stumbleupon.com,Male,237.227.197.236
218,Andrea,Austin,aaustin61@unc.edu,Female,2.159.179.207
219,Michael,Miller,mmiller62@blogger.com,Male,165.243.139.132
220,Alan,Nguyen,anguyen63@google.com.hk,Male,154.182.166.42
221,Jessica,Garcia,jgarcia64@omniture.com,Female,134.42.95.114
222,Jacqueline,Fowler,jfowler65@gnu.org,Female,11.106.39.49
223,Alice,Fox,afox66@example.com,Female,201.19.144.83
224,Katherine,Wheeler,kwheeler67@senate.gov,Female,220.249.92.196
225,Lori,Webb,lwebb68@foxnews.com,Female,249.187.166.34
226,Virginia,Olson,volson69@marriott.com,Female,203.247.131.167
227,Harold,Bishop,hbishop6a@hugedomains.com,Male,190.208.254.121
228,Frances,Nelson,fnelson6b@admin.ch,Female,4.179.36.155
229,Jacqueline,Long,jlong6c@examiner.com,Female,207.59.169.37
230,Eugene,Foster,efoster6d@jiathis.com,Male,124.178.227.124
231,Brandon,Payne,bpayne6e@comcast.net,Male,52.94.230.168
232,Marilyn,Cunningham,mcunningham6f@china.com.cn,Female,141.25.125.20
233,Frank,Dean,fdean6g@sphinn.com,Male,224.12.163.112
234,Paula,Martinez,pmartinez6h@ted.com,Female,99.34.133.99
235,Carl,Harris,charris6i@unesco.org,Male,15.92.159.232
236,Joe,Peterson,jpeterson6j@bluehost.com,Male,66.53.108.253
237,Louis,Flores,lflores6k@senate.gov,Male,231.16.182.167
238,Willie,Carter,wcarter6l@hostgator.com,Male,151.48.166.143
239,Ronald,Russell,rrussell6m@mapy.cz,Male,208.142.178.82
240,Kathryn,Chavez,kchavez6n@free.fr,Female,10.23.96.236
241,Ashley,Wheeler,awheeler6o@cnet.com,Female,121.67.238.6
242,Denise,Hart,dhart6p@quantcast.com,Female,75.183.44.128
243,Janet,Cooper,jcooper6q@de.vu,Female,180.221.204.51
244,Edward,Payne,epayne6r@about.me,Male,37.197.96.30
245,Carolyn,Vasquez,cvasquez6s@furl.net,Female,231.231.173.52
246,Roger,Edwards,redwards6t@mashable.com,Male,212.249.83.221
247,Donald,Morris,dmorris6u@tuttocitta.it,Male,235.221.112.143
248,Maria,Perry,mperry6v@biglobe.ne.jp,Female,116.255.138.153
249,Jimmy,Simmons,jsimmons6w@google.co.uk,Male,217.188.114.199
250,Linda,Gordon,lgordon6x@nbcnews.com,Female,78.28.123.75
251,Janice,Day,jday6y@twitter.com,Female,165.106.136.193
252,Justin,Long,jlong6z@1und1.de,Male,251.62.22.107
253,Louise,Stephens,lstephens70@google.cn,Female,163.142.0.155
254,Sandra,Johnston,sjohnston71@typepad.com,Female,174.210.127.246
255,Terry,Castillo,tcastillo72@ca.gov,Male,70.20.99.170
256,Rebecca,Franklin,rfranklin73@walmart.com,Female,224.131.31.55
257,Antonio,Perkins,aperkins74@ft.com,Male,17.135.219.229
258,Fred,Fox,ffox75@examiner.com,Male,217.193.89.93
259,Shirley,Chavez,schavez76@fastcompany.com,Female,204.123.240.214
260,Steven,Olson,solson77@networkadvertising.org,Male,34.147.155.86
261,Harry,Duncan,hduncan78@drupal.org,Male,12.183.251.209
262,Willie,Lopez,wlopez79@usda.gov,Male,216.63.41.37
263,Jeffrey,Powell,jpowell7a@princeton.edu,Male,255.173.52.175
264,Stephen,Kelley,skelley7b@xing.com,Male,204.152.68.118
265,James,Powell,jpowell7c@china.com.cn,Male,219.79.35.39
266,Jacqueline,Fowler,jfowler7d@si.edu,Female,245.92.112.127
267,Ann,Elliott,aelliott7e@theguardian.com,Female,235.254.127.97
268,Sara,Price,sprice7f@stanford.edu,Female,54.10.125.53
269,Jennifer,Snyder,jsnyder7g@people.com.cn,Female,10.145.35.117
270,Martha,Myers,mmyers7h@mapy.cz,Female,43.97.77.144
271,Joe,Fox,jfox7i@typepad.com,Male,61.242.155.69
272,Pamela,Garcia,pgarcia7j@domainmarket.com,Female,114.2.25.207
273,Nicholas,Morris,nmorris7k@blog.com,Male,45.149.79.252
274,Christopher,Martin,cmartin7l@godaddy.com,Male,161.52.252.142
275,Dorothy,Bishop,dbishop7m@dedecms.com,Female,150.193.152.39
276,Steven,Cox,scox7n@1688.com,Male,190.8.56.26
277,Brenda,Wright,bwright7o@dailymail.co.uk,Female,140.191.111.100
278,William,Wells,wwells7p@who.int,Male,187.49.118.127
279,Kimberly,Duncan,kduncan7q@technorati.com,Female,51.249.222.228
280,Frances,Ryan,fryan7r@patch.com,Female,1.37.70.83
281,Jeremy,Stevens,jstevens7s@drupal.org,Male,208.122.215.176
282,Timothy,Matthews,tmatthews7t@twitter.com,Male,43.156.160.197
283,Beverly,Spencer,bspencer7u@chronoengine.com,Female,214.33.247.20
284,Stephen,Carter,scarter7v@elegantthemes.com,Male,171.29.55.85
285,Carlos,Wheeler,cwheeler7w@ycombinator.com,Male,229.90.137.59
286,Andrew,Day,aday7x@phpbb.com,Male,133.75.188.199
287,Nicole,Cook,ncook7y@guardian.co.uk,Female,80.190.32.91
288,Craig,Rose,crose7z@unc.edu,Male,44.51.79.68
289,Karen,Shaw,kshaw80@cornell.edu,Female,10.193.171.137
290,Maria,Edwards,medwards81@howstuffworks.com,Female,168.161.178.0
291,Kathleen,Berry,kberry82@chron.com,Female,133.195.244.93
292,Sandra,Harvey,sharvey83@walmart.com,Female,54.2.104.97
293,Betty,Riley,briley84@meetup.com,Female,172.1.29.209
294,Margaret,Butler,mbutler85@biglobe.ne.jp,Female,88.168.64.212
295,Lois,Hughes,lhughes86@163.com,Female,111.5.131.222
296,Kathy,Hansen,khansen87@npr.org,Female,47.138.140.216
297,Diane,Bennett,dbennett88@shutterfly.com,Female,183.75.185.106
298,Irene,Hayes,ihayes89@furl.net,Female,204.128.178.98
299,Stephen,Mendoza,smendoza8a@cisco.com,Male,232.65.161.170
300,Jennifer,Hill,jhill8b@mashable.com,Female,105.216.52.98
301,Patrick,Rice,price8c@sciencedirect.com,Male,221.230.31.18
302,Earl,Medina,emedina8d@tiny.cc,Male,243.251.25.97
303,Justin,Green,jgreen8e@salon.com,Male,51.27.136.200
304,Craig,Little,clittle8f@fda.gov,Male,253.45.140.30
305,Debra,Gonzales,dgonzales8g@woothemes.com,Female,74.132.75.169
306,Carolyn,Hicks,chicks8h@vk.com,Female,224.49.230.249
307,Beverly,Perry,bperry8i@rediff.com,Female,71.148.34.145
308,Kathleen,Ruiz,kruiz8j@scribd.com,Female,110.49.31.16
309,Virginia,West,vwest8k@usgs.gov,Female,243.254.177.156
310,Lillian,Martin,lmartin8l@icio.us,Female,206.124.235.92
311,Ann,Black,ablack8m@bloglines.com,Female,180.91.86.102
312,James,Palmer,jpalmer8n@blogger.com,Male,42.18.107.210
313,Antonio,Lopez,alopez8o@marriott.com,Male,155.253.92.169
314,Christine,Mcdonald,cmcdonald8p@4shared.com,Female,28.44.89.174
315,Carlos,Jones,cjones8q@netscape.com,Male,13.240.151.219
316,Joseph,Rice,jrice8r@pcworld.com,Male,119.144.9.201
317,Laura,Wells,lwells8s@ted.com,Female,26.254.161.127
318,Diana,Lane,dlane8t@phoca.cz,Female,87.221.202.96
319,Jonathan,Moore,jmoore8u@nytimes.com,Male,214.176.210.237
320,Stephanie,Brown,sbrown8v@edublogs.org,Female,116.219.233.14
321,Katherine,Welch,kwelch8w@scientificamerican.com,Female,173.44.24.79
322,Joyce,Hawkins,jhawkins8x@nsw.gov.au,Female,4.88.255.110
323,Kelly,Riley,kriley8y@washingtonpost.com,Female,10.163.70.10
324,Joe,Gonzalez,jgonzalez8z@meetup.com,Male,164.184.226.63
325,Shawn,Day,sday90@creativecommons.org,Male,14.228.42.222
326,Chris,Banks,cbanks91@wikipedia.org,Male,253.105.213.70
327,Sarah,Tucker,stucker92@technorati.com,Female,160.11.205.51
328,Jack,Coleman,jcoleman93@netlog.com,Male,230.193.138.100
329,Roy,Patterson,rpatterson94@guardian.co.uk,Male,4.146.53.228
330,Theresa,Welch,twelch95@vk.com,Female,171.9.189.141
331,Betty,Richards,brichards96@cnet.com,Female,102.148.184.215
332,Jennifer,Arnold,jarnold97@unblog.fr,Female,213.138.200.8
333,Dorothy,Cole,dcole98@apple.com,Female,117.209.16.138
334,Heather,Henderson,hhenderson99@twitpic.com,Female,230.9.246.81
335,Donna,Flores,dflores9a@t-online.de,Female,1.100.229.7
336,Kenneth,James,kjames9b@answers.com,Male,214.155.17.231
337,Denise,Brown,dbrown9c@telegraph.co.uk,Female,26.108.220.24
338,Joe,Banks,jbanks9d@paypal.com,Male,188.17.252.80
339,Emily,Reynolds,ereynolds9e@booking.com,Female,127.100.246.88
340,Brandon,Wood,bwood9f@youtube.com,Male,36.255.85.143
341,Gary,Ward,gward9g@exblog.jp,Male,20.206.159.238
342,Rose,Freeman,rfreeman9h@ning.com,Female,161.106.172.50
343,Theresa,Austin,taustin9i@nationalgeographic.com,Female,189.243.161.212
344,Bobby,Kelley,bkelley9j@adobe.com,Male,60.51.203.17
345,Janet,Garcia,jgarcia9k@live.com,Female,189.230.251.35
346,Douglas,Harris,dharris9l@ucsd.edu,Male,81.21.169.177
347,Doris,Mason,dmason9m@github.io,Female,81.255.16.93
348,Daniel,Bell,dbell9n@independent.co.uk,Male,54.3.103.35
349,Carolyn,Jones,cjones9o@whitehouse.gov,Female,149.30.90.132
350,Cheryl,Parker,cparker9p@topsy.com,Female,226.204.254.250
351,Russell,Hudson,rhudson9q@google.ru,Male,245.145.17.203
352,Walter,Alvarez,walvarez9r@angelfire.com,Male,132.42.118.131
353,Douglas,Frazier,dfrazier9s@quantcast.com,Male,88.76.59.62
354,Janice,Boyd,jboyd9t@ebay.com,Female,159.225.227.165
355,Rose,Wheeler,rwheeler9u@wsj.com,Female,109.18.134.21
356,Larry,Medina,lmedina9v@tamu.edu,Male,252.188.14.131
357,John,Austin,jaustin9w@elegantthemes.com,Male,47.223.81.243
358,David,Wagner,dwagner9x@java.com,Male,104.108.248.52
359,Peter,Bishop,pbishop9y@imgur.com,Male,62.133.133.242
360,Wayne,Stephens,wstephens9z@reddit.com,Male,68.160.65.151
361,Roy,Gordon,rgordona0@nsw.gov.au,Male,246.32.216.237
362,Angela,Fowler,afowlera1@earthlink.net,Female,176.179.251.93
363,Chris,Robertson,crobertsona2@cdc.gov,Male,195.18.90.25
364,Nicole,Price,npricea3@google.co.jp,Female,80.143.14.210
365,Catherine,Cox,ccoxa4@economist.com,Female,42.254.10.24
366,Andrew,Little,alittlea5@globo.com,Male,129.123.193.114
367,Gloria,Rogers,grogersa6@t-online.de,Female,15.240.131.44
368,Gerald,Miller,gmillera7@chronoengine.com,Male,197.83.130.254
369,Andrea,Allen,aallena8@weibo.com,Female,9.133.149.24
370,Paula,Boyd,pboyda9@behance.net,Female,246.82.87.170
371,Andrew,Cook,acookaa@scribd.com,Male,204.194.201.46
372,Sharon,Stanley,sstanleyab@examiner.com,Female,148.150.90.1
373,Carl,Graham,cgrahamac@yellowbook.com,Male,183.30.66.50
374,Diana,Gomez,dgomezad@cyberchimps.com,Female,2.159.130.215
375,Kimberly,Sanders,ksandersae@shareasale.com,Female,176.223.223.177
376,Martin,Alexander,malexanderaf@moonfruit.com,Male,139.62.193.153
377,Matthew,Oliver,moliverag@narod.ru,Male,112.120.14.128
378,Maria,Sims,msimsah@cnbc.com,Female,45.58.160.95
379,Marilyn,Patterson,mpattersonai@bandcamp.com,Female,111.141.85.64
380,Philip,Russell,prussellaj@google.fr,Male,32.242.176.233
381,Richard,Nelson,rnelsonak@omniture.com,Male,154.36.136.98
382,Charles,Ruiz,cruizal@lycos.com,Male,100.216.156.196
383,Gloria,Oliver,goliveram@shutterfly.com,Female,20.221.210.185
384,Doris,Gutierrez,dgutierrezan@state.gov,Female,138.190.62.33
385,Patricia,Andrews,pandrewsao@apache.org,Female,190.98.177.176
386,Tammy,Mitchell,tmitchellap@domainmarket.com,Female,138.245.180.131
387,Eric,Campbell,ecampbellaq@buzzfeed.com,Male,139.3.131.104
388,Johnny,Johnson,jjohnsonar@ameblo.jp,Male,154.131.149.227
389,Kenneth,Williams,kwilliamsas@newsvine.com,Male,13.81.244.187
390,Virginia,Peterson,vpetersonat@comcast.net,Female,193.33.251.238
391,Jason,Harvey,jharveyau@sourceforge.net,Male,128.220.26.23
392,Kimberly,Hansen,khansenav@noaa.gov,Female,250.70.37.43
393,Judy,Hunt,jhuntaw@issuu.com,Female,218.40.34.54
394,Brian,Murray,bmurrayax@cloudflare.com,Male,46.136.33.97
395,Phillip,Myers,pmyersay@lulu.com,Male,234.249.119.134
396,Frances,Black,fblackaz@alibaba.com,Female,153.2.91.235
397,Emily,Ortiz,eortizb0@com.com,Female,77.5.182.212
398,Nicole,Smith,nsmithb1@upenn.edu,Female,42.114.156.189
399,Sharon,Ryan,sryanb2@businesswire.com,Female,126.35.93.219
400,Donna,Bennett,dbennettb3@google.co.jp,Female,243.48.227.128
401,Nicholas,Tucker,ntuckerb4@gnu.org,Male,191.28.85.79
402,Janice,Lawrence,jlawrenceb5@zimbio.com,Female,39.80.179.34
403,Joan,Ortiz,jortizb6@google.co.uk,Female,170.73.204.192
404,Earl,Ellis,eellisb7@facebook.com,Male,18.224.116.21
405,Maria,Harvey,mharveyb8@globo.com,Female,62.145.212.210
406,Todd,Hayes,thayesb9@usgs.gov,Male,196.149.7.118
407,Nancy,Dean,ndeanba@google.com.hk,Female,81.179.204.37
408,Eric,Watson,ewatsonbb@army.mil,Male,239.96.73.56
409,Irene,Adams,iadamsbc@squarespace.com,Female,228.178.119.139
410,Julie,Cooper,jcooperbd@skyrock.com,Female,217.147.11.148
411,Janet,Jackson,jjacksonbe@statcounter.com,Female,75.157.235.134
412,Ralph,Wood,rwoodbf@dmoz.org,Male,34.40.64.13
413,Stephanie,Spencer,sspencerbg@lulu.com,Female,72.228.3.72
414,Carl,Stevens,cstevensbh@businesswire.com,Male,237.231.148.10
415,Teresa,Stone,tstonebi@acquirethisname.com,Female,159.132.169.148
416,Harold,Greene,hgreenebj@de.vu,Male,6.225.227.43
417,David,Mcdonald,dmcdonaldbk@jigsy.com,Male,242.138.152.178
418,Irene,Nguyen,inguyenbl@themeforest.net,Female,110.65.251.38
419,Betty,Oliver,boliverbm@oracle.com,Female,181.239.2.63
420,Jeremy,Grant,jgrantbn@wikimedia.org,Male,100.185.195.33
421,Mark,Schmidt,mschmidtbo@infoseek.co.jp,Male,81.251.248.85
422,Phillip,Stewart,pstewartbp@tumblr.com,Male,124.197.105.171
423,Cheryl,Foster,cfosterbq@aboutads.info,Female,192.77.243.46
424,Catherine,Wilson,cwilsonbr@dedecms.com,Female,194.195.92.34
425,Patrick,West,pwestbs@homestead.com,Male,54.110.20.93
426,Andrea,Ford,afordbt@dagondesign.com,Female,225.176.40.169
427,Virginia,Gonzales,vgonzalesbu@smh.com.au,Female,20.147.184.25
428,Jesse,Brooks,jbrooksbv@hc360.com,Male,239.106.246.19
429,Eugene,Graham,egrahambw@paginegialle.it,Male,1.133.129.116
430,Roger,Garza,rgarzabx@vimeo.com,Male,11.200.18.159
431,Norma,Richards,nrichardsby@infoseek.co.jp,Female,90.252.11.74
432,Richard,Spencer,rspencerbz@facebook.com,Male,64.173.90.26
433,Nancy,Cox,ncoxc0@uol.com.br,Female,85.75.30.120
434,Ralph,Rivera,rriverac1@forbes.com,Male,177.37.236.4
435,Kathy,Burke,kburkec2@360.cn,Female,142.203.91.237
436,Mary,Day,mdayc3@nbcnews.com,Female,131.49.118.21
437,Kenneth,Arnold,karnoldc4@xrea.com,Male,188.203.115.239
438,Philip,Russell,prussellc5@yolasite.com,Male,195.162.220.211
439,John,Lee,jleec6@pinterest.com,Male,142.116.9.57
440,Katherine,Bishop,kbishopc7@wordpress.org,Female,96.84.112.10
441,Donna,Dixon,ddixonc8@rambler.ru,Female,246.50.194.67
442,Harold,Morrison,hmorrisonc9@theglobeandmail.com,Male,59.56.134.144
443,Jessica,Lewis,jlewisca@flickr.com,Female,8.24.84.50
444,Joe,Hansen,jhansencb@ning.com,Male,133.163.232.1
445,Jack,White,jwhitecc@alibaba.com,Male,63.183.213.188
446,Martha,Smith,msmithcd@opera.com,Female,38.221.250.217
447,Edward,Henderson,ehendersonce@merriam-webster.com,Male,45.19.95.195
448,Denise,Jordan,djordancf@nature.com,Female,172.176.111.250
449,Doris,Gomez,dgomezcg@opera.com,Female,46.2.124.223
450,Janet,Stevens,jstevensch@npr.org,Female,255.59.164.74
451,Judy,Romero,jromeroci@seesaa.net,Female,8.176.93.60
452,Ann,Simmons,asimmonscj@tumblr.com,Female,85.43.227.123
453,Gerald,Watson,gwatsonck@ehow.com,Male,58.249.136.248
454,Benjamin,King,bkingcl@wiley.com,Male,216.11.28.216
455,Kevin,Dunn,kdunncm@salon.com,Male,203.217.183.2
456,Lois,Lawrence,llawrencecn@about.me,Female,203.68.23.32
457,Jane,Mccoy,jmccoyco@admin.ch,Female,85.169.237.8
458,Pamela,Boyd,pboydcp@ifeng.com,Female,166.37.59.201
459,Raymond,Mason,rmasoncq@spiegel.de,Male,103.247.58.202
460,Dennis,Edwards,dedwardscr@shinystat.com,Male,206.68.16.28
461,Richard,Black,rblackcs@microsoft.com,Male,250.191.204.229
462,Randy,Thompson,rthompsonct@surveymonkey.com,Male,210.72.26.142
463,Ronald,Chapman,rchapmancu@spiegel.de,Male,171.2.156.80
464,Andrew,Johnston,ajohnstoncv@prlog.org,Male,53.206.34.175
465,Sandra,Burton,sburtoncw@biblegateway.com,Female,22.39.54.14
466,Sean,Baker,sbakercx@biblegateway.com,Male,221.158.34.123
467,Jennifer,Cole,jcolecy@arstechnica.com,Female,65.94.120.3
468,Donald,Watson,dwatsoncz@e-recht24.de,Male,117.240.157.131
469,Adam,Montgomery,amontgomeryd0@columbia.edu,Male,36.237.60.61
470,Fred,Harvey,fharveyd1@jugem.jp,Male,118.104.129.175
471,Antonio,Smith,asmithd2@nydailynews.com,Male,59.222.215.171
472,Louise,Morrison,lmorrisond3@privacy.gov.au,Female,192.244.61.94
473,Cheryl,Campbell,ccampbelld4@networkadvertising.org,Female,59.180.166.153
474,Margaret,Barnes,mbarnesd5@1und1.de,Female,43.175.241.168
475,Henry,Johnson,hjohnsond6@state.gov,Male,116.127.227.225
476,Christina,Clark,cclarkd7@chronoengine.com,Female,164.17.120.178
477,Phyllis,Jenkins,pjenkinsd8@wired.com,Female,236.67.163.54
478,Keith,Mason,kmasond9@dyndns.org,Male,184.140.50.166
479,Julie,King,jkingda@simplemachines.org,Female,190.161.113.0
480,Robert,Crawford,rcrawforddb@artisteer.com,Male,44.6.90.244
481,Albert,Jordan,ajordandc@rediff.com,Male,114.144.231.107
482,Kathleen,Nguyen,knguyendd@tripadvisor.com,Female,129.17.130.217
483,Cynthia,Torres,ctorresde@toplist.cz,Female,170.120.175.152
484,Tina,Hunter,thunterdf@loc.gov,Female,163.142.10.183
485,Juan,Cox,jcoxdg@sciencedaily.com,Male,96.129.245.37
486,Carol,Watkins,cwatkinsdh@google.nl,Female,143.193.244.70
487,Karen,Fields,kfieldsdi@ftc.gov,Female,152.41.27.48
488,Jose,Hansen,jhansendj@twitpic.com,Male,183.57.224.155
489,William,West,wwestdk@macromedia.com,Male,7.151.61.241
490,Ronald,Mcdonald,rmcdonalddl@netlog.com,Male,174.180.192.217
491,Joan,Mcdonald,jmcdonalddm@woothemes.com,Female,230.83.160.122
492,Michael,Fowler,mfowlerdn@cnn.com,Male,10.67.36.27
493,Virginia,Nichols,vnicholsdo@acquirethisname.com,Female,232.110.207.166
494,Samuel,Daniels,sdanielsdp@slate.com,Male,121.91.209.164
495,David,Little,dlittledq@skype.com,Male,2.118.97.24
496,Cheryl,Kelly,ckellydr@ycombinator.com,Female,30.44.248.251
497,Catherine,Cruz,ccruzds@businessinsider.com,Female,77.253.57.182
498,Jack,Wagner,jwagnerdt@canalblog.com,Male,215.206.1.45
499,Fred,Mills,fmillsdu@wiley.com,Male,208.17.245.223
500,Gerald,Clark,gclarkdv@chron.com,Male,76.189.4.117
501,Sarah,Harris,sharrisdw@bloglovin.com,Female,48.253.69.44
502,Ernest,Walker,ewalkerdx@utexas.edu,Male,117.34.200.26
503,Bobby,Cruz,bcruzdy@hc360.com,Male,244.153.89.251
504,Phillip,Hernandez,phernandezdz@home.pl,Male,97.229.117.95
505,Paula,George,pgeorgee0@liveinternet.ru,Female,122.15.183.178
506,Maria,Carr,mcarre1@taobao.com,Female,155.37.211.32
507,Paula,Bailey,pbaileye2@amazon.co.uk,Female,217.62.209.197
508,Todd,Stone,tstonee3@un.org,Male,69.226.201.92
509,Carolyn,Alexander,calexandere4@dion.ne.jp,Female,49.154.91.231
510,Stephen,Crawford,scrawforde5@wisc.edu,Male,7.232.155.185
511,Julie,Kelley,jkelleye6@dailymail.co.uk,Female,196.152.226.184
512,Jesse,Murray,jmurraye7@webs.com,Male,194.60.84.45
513,Virginia,Harris,vharrise8@furl.net,Female,181.83.148.175
514,Nicholas,Parker,nparkere9@over-blog.com,Male,71.61.61.184
515,Shirley,Watson,swatsonea@joomla.org,Female,204.90.19.1
516,Katherine,Murphy,kmurphyeb@kickstarter.com,Female,187.167.25.229
517,Walter,Oliver,woliverec@rambler.ru,Male,25.26.253.98
518,Deborah,Bradley,dbradleyed@fotki.com,Female,87.71.250.219
519,Charles,Moreno,cmorenoee@rakuten.co.jp,Male,217.49.63.237
520,Jonathan,Patterson,jpattersonef@dagondesign.com,Male,52.137.37.77
521,Betty,Daniels,bdanielseg@creativecommons.org,Female,166.135.77.71
522,Lori,Henderson,lhendersoneh@nhs.uk,Female,203.85.14.35
523,John,Gordon,jgordonei@liveinternet.ru,Male,182.239.81.245
524,Tina,Myers,tmyersej@amazonaws.com,Female,42.42.186.219
525,Roy,Armstrong,rarmstrongek@eventbrite.com,Male,149.185.167.244
526,Gerald,Freeman,gfreemanel@alexa.com,Male,121.28.15.242
527,Anne,Mcdonald,amcdonaldem@tinyurl.com,Female,127.84.182.24
528,Donald,Sanchez,dsanchezen@cmu.edu,Male,137.6.120.24
529,Peter,King,pkingeo@sbwire.com,Male,189.142.133.62
530,Joan,Sanchez,jsanchezep@mozilla.com,Female,10.36.71.10
531,Janet,Elliott,jelliotteq@apache.org,Female,218.230.65.101
532,Ryan,Perkins,rperkinser@storify.com,Male,167.76.250.203
533,Linda,Thomas,lthomases@barnesandnoble.com,Female,48.184.139.156
534,Roy,Olson,rolsonet@businesswire.com,Male,208.6.211.223
535,Edward,Henderson,ehendersoneu@google.fr,Male,36.237.100.170
536,Gloria,Bowman,gbowmanev@latimes.com,Female,141.224.72.141
537,Betty,Dean,bdeanew@geocities.com,Female,147.22.67.180
538,Evelyn,Cruz,ecruzex@ovh.net,Female,89.16.211.123
539,Todd,Watkins,twatkinsey@ovh.net,Male,137.57.93.130
540,Lillian,Lee,lleeez@prlog.org,Female,99.216.175.8
541,Arthur,Watkins,awatkinsf0@ning.com,Male,196.166.49.80
542,Jack,Evans,jevansf1@bloglovin.com,Male,187.127.134.214
543,Chris,Burton,cburtonf2@mediafire.com,Male,235.107.155.72
544,Angela,Kennedy,akennedyf3@purevolume.com,Female,208.3.206.205
545,Terry,Mendoza,tmendozaf4@msn.com,Male,206.149.143.99
546,Daniel,Hill,dhillf5@deviantart.com,Male,249.3.79.16
547,Henry,Mccoy,hmccoyf6@loc.gov,Male,19.220.89.188
548,Susan,Morales,smoralesf7@flavors.me,Female,73.125.46.185
549,Martha,Morales,mmoralesf8@dmoz.org,Female,225.120.96.120
550,Denise,Jordan,djordanf9@prlog.org,Female,64.117.70.20
551,Kenneth,Gibson,kgibsonfa@cloudflare.com,Male,209.144.97.49
552,George,Jordan,gjordanfb@wordpress.org,Male,61.13.227.24
553,Steve,Ramos,sramosfc@gov.uk,Male,12.30.149.183
554,Ann,Reynolds,areynoldsfd@webmd.com,Female,63.81.0.114
555,Jean,Sanders,jsandersfe@flavors.me,Female,62.254.233.66
556,Bruce,Miller,bmillerff@blog.com,Male,122.212.121.56
557,Gloria,Torres,gtorresfg@odnoklassniki.ru,Female,47.171.199.222
558,Tina,Harper,tharperfh@noaa.gov,Female,12.222.253.143
559,Julia,Wheeler,jwheelerfi@twitter.com,Female,243.68.52.137
560,Carolyn,Harris,charrisfj@etsy.com,Female,210.207.51.202
561,Tina,Gutierrez,tgutierrezfk@geocities.jp,Female,146.47.193.252
562,Judy,Powell,jpowellfl@bigcartel.com,Female,94.52.180.23
563,John,Daniels,jdanielsfm@typepad.com,Male,26.212.206.218
564,Larry,White,lwhitefn@oaic.gov.au,Male,235.24.93.90
565,Norma,Ortiz,nortizfo@wired.com,Female,50.177.94.83
566,Nicole,Larson,nlarsonfp@hp.com,Female,178.2.64.231
567,Janice,Owens,jowensfq@oaic.gov.au,Female,8.147.213.5
568,Brandon,Shaw,bshawfr@technorati.com,Male,150.133.247.64
569,Billy,Gonzalez,bgonzalezfs@amazon.co.uk,Male,109.23.218.50
570,Steven,Spencer,sspencerft@wp.com,Male,119.84.197.78
571,Jane,Burns,jburnsfu@engadget.com,Female,129.208.6.164
572,Kathleen,Ford,kfordfv@123-reg.co.uk,Female,150.134.38.18
573,Diana,Cruz,dcruzfw@hostgator.com,Female,66.10.92.47
574,Brian,Lawrence,blawrencefx@google.cn,Male,167.99.234.43
575,Kathryn,Carr,kcarrfy@bbb.org,Female,234.182.40.30
576,Eugene,Moreno,emorenofz@huffingtonpost.com,Male,229.117.76.117
577,Arthur,Holmes,aholmesg0@drupal.org,Male,86.229.133.190
578,Frank,Hawkins,fhawkinsg1@yelp.com,Male,170.196.170.244
579,Julie,Rivera,jriverag2@squidoo.com,Female,239.77.73.203
580,Ann,Watson,awatsong3@fastcompany.com,Female,8.145.61.112
581,Patrick,Sims,psimsg4@nhs.uk,Male,147.190.12.50
582,Kathy,Carr,kcarrg5@mtv.com,Female,30.33.161.92
583,Susan,Bradley,sbradleyg6@house.gov,Female,153.107.183.127
584,Gerald,Rogers,grogersg7@china.com.cn,Male,171.236.100.204
585,Eric,Price,epriceg8@usatoday.com,Male,187.242.24.32
586,Bonnie,Bailey,bbaileyg9@squidoo.com,Female,206.212.58.161
587,Todd,Reyes,treyesga@google.co.uk,Male,39.153.183.84
588,Shawn,Snyder,ssnydergb@live.com,Male,206.230.200.176
589,Kathleen,Murphy,kmurphygc@com.com,Female,118.138.213.70
590,Jennifer,Parker,jparkergd@google.co.uk,Female,187.52.217.142
591,Louis,Perry,lperryge@sina.com.cn,Male,26.146.44.26
592,Jane,Torres,jtorresgf@newyorker.com,Female,174.221.35.134
593,Brandon,Edwards,bedwardsgg@patch.com,Male,114.247.128.17
594,Gary,Boyd,gboydgh@spotify.com,Male,244.139.246.47
595,Joan,Hanson,jhansongi@amazon.com,Female,83.12.219.121
596,Diane,Carroll,dcarrollgj@china.com.cn,Female,123.186.52.163
597,Angela,Payne,apaynegk@ovh.net,Female,169.221.126.6
598,Johnny,Gray,jgraygl@lycos.com,Male,112.163.162.248
599,Christopher,Riley,crileygm@google.ru,Male,146.25.254.228
600,Keith,Johnston,kjohnstongn@cbsnews.com,Male,141.160.32.11
601,Chris,Griffin,cgriffingo@blogtalkradio.com,Male,153.10.66.101
602,Virginia,Anderson,vandersongp@twitter.com,Female,183.33.155.21
603,Amy,Hicks,ahicksgq@cbc.ca,Female,105.144.254.124
604,Paul,Hall,phallgr@google.it,Male,183.22.15.32
605,Ashley,Perry,aperrygs@issuu.com,Female,236.73.125.80
606,Jonathan,Jackson,jjacksongt@vk.com,Male,147.93.33.170
607,Roy,Hayes,rhayesgu@newsvine.com,Male,96.157.24.116
608,Johnny,Bowman,jbowmangv@go.com,Male,36.70.30.244
609,Howard,Holmes,hholmesgw@princeton.edu,Male,6.215.149.47
610,Jessica,Young,jyounggx@163.com,Female,92.181.206.228
611,Rose,Welch,rwelchgy@macromedia.com,Female,158.164.37.162
612,Phillip,Stevens,pstevensgz@paypal.com,Male,238.110.155.131
613,Julia,Chapman,jchapmanh0@irs.gov,Female,13.120.140.92
614,Jesse,Day,jdayh1@wikia.com,Male,203.94.59.242
615,Deborah,Jenkins,djenkinsh2@yolasite.com,Female,68.62.83.150
616,Shawn,Jenkins,sjenkinsh3@github.io,Male,114.201.10.60
617,Carolyn,Oliver,coliverh4@networksolutions.com,Female,163.120.22.231
618,Debra,Peterson,dpetersonh5@miibeian.gov.cn,Female,243.98.36.85
619,Tina,Gonzalez,tgonzalezh6@cdbaby.com,Female,145.73.234.125
620,Christopher,Ross,crossh7@imdb.com,Male,254.58.43.201
621,Jose,Carroll,jcarrollh8@xinhuanet.com,Male,214.201.83.8
622,Willie,Gordon,wgordonh9@blogs.com,Male,81.14.161.153
623,Eugene,Fisher,efisherha@google.co.jp,Male,1.209.2.179
624,Ralph,Olson,rolsonhb@weibo.com,Male,14.69.20.73
625,Helen,Fisher,hfisherhc@t-online.de,Female,176.104.38.245
626,Kelly,Martinez,kmartinezhd@hugedomains.com,Female,48.145.40.83
627,Sara,Freeman,sfreemanhe@shutterfly.com,Female,33.97.195.55
628,Kevin,Williamson,kwilliamsonhf@tiny.cc,Male,76.75.81.64
629,Jean,Walker,jwalkerhg@nba.com,Female,247.157.62.170
630,Matthew,Powell,mpowellhh@theglobeandmail.com,Male,97.169.91.218
631,Judy,Moreno,jmorenohi@behance.net,Female,122.126.63.43
632,Christine,King,ckinghj@wikispaces.com,Female,14.66.172.229
633,Ruby,Black,rblackhk@baidu.com,Female,42.183.131.192
634,Nicholas,Stanley,nstanleyhl@npr.org,Male,14.248.65.110
635,Rebecca,Dixon,rdixonhm@naver.com,Female,14.68.205.121
636,Melissa,Butler,mbutlerhn@homestead.com,Female,239.204.141.240
637,Virginia,Berry,vberryho@spiegel.de,Female,38.228.241.139
638,Mark,Miller,mmillerhp@yellowpages.com,Male,35.156.124.4
639,Jerry,Cooper,jcooperhq@scribd.com,Male,196.77.153.21
640,Michelle,Dean,mdeanhr@oakley.com,Female,240.65.44.224
641,Edward,Henry,ehenryhs@aol.com,Male,27.147.199.148
642,Phillip,Welch,pwelchht@forbes.com,Male,185.11.154.11
643,Andrea,Wilson,awilsonhu@jiathis.com,Female,201.211.96.96
644,Ralph,Kennedy,rkennedyhv@eepurl.com,Male,63.202.71.241
645,Melissa,Garcia,mgarciahw@ehow.com,Female,43.191.227.79
646,Gary,Parker,gparkerhx@scribd.com,Male,49.93.148.211
647,Jimmy,Gray,jgrayhy@wsj.com,Male,224.146.73.164
648,Ryan,Hunter,rhunterhz@gnu.org,Male,175.84.178.187
649,Diane,Black,dblacki0@jugem.jp,Female,41.20.241.66
650,Randy,Vasquez,rvasquezi1@unblog.fr,Male,131.66.242.71
651,Teresa,Dixon,tdixoni2@shinystat.com,Female,148.125.97.65
652,Terry,Stewart,tstewarti3@wufoo.com,Male,222.178.9.194
653,Jane,Parker,jparkeri4@bbc.co.uk,Female,189.197.169.123
654,Daniel,Gonzalez,dgonzalezi5@sun.com,Male,160.178.29.223
655,Doris,Kelly,dkellyi6@jimdo.com,Female,79.29.22.165
656,Heather,Daniels,hdanielsi7@altervista.org,Female,255.49.23.197
657,Anna,Gardner,agardneri8@cbsnews.com,Female,5.37.8.68
658,Jane,Lane,jlanei9@whitehouse.gov,Female,48.208.93.245
659,Alice,Bryant,abryantia@devhub.com,Female,117.137.252.128
660,Douglas,Day,ddayib@cbslocal.com,Male,3.114.189.93
661,David,Allen,dallenic@time.com,Male,115.177.56.88
662,Joshua,Bradley,jbradleyid@people.com.cn,Male,255.201.116.241
663,Keith,Howard,khowardie@epa.gov,Male,55.32.118.195
664,Scott,Ellis,sellisif@sogou.com,Male,190.10.253.100
665,Jerry,Sullivan,jsullivanig@cisco.com,Male,183.62.57.220
666,Jeffrey,Watson,jwatsonih@github.io,Male,222.196.108.85
667,Ronald,Morris,rmorrisii@comcast.net,Male,163.153.192.124
668,Willie,Foster,wfosterij@weather.com,Male,42.115.204.98
669,Lisa,Burton,lburtonik@arizona.edu,Female,98.155.241.3
670,Judy,Gibson,jgibsonil@goo.ne.jp,Female,182.239.190.82
671,Fred,Richards,frichardsim@unesco.org,Male,173.90.123.28
672,Sean,Schmidt,sschmidtin@oracle.com,Male,117.221.220.55
673,Brian,Fields,bfieldsio@answers.com,Male,146.168.32.213
674,Patricia,Meyer,pmeyerip@hp.com,Female,109.27.114.52
675,Andrea,Nguyen,anguyeniq@accuweather.com,Female,150.134.159.169
676,Phyllis,Armstrong,parmstrongir@npr.org,Female,111.40.255.61
677,Cheryl,Henry,chenryis@lycos.com,Female,251.214.131.198
678,Christopher,Evans,cevansit@cdc.gov,Male,253.8.78.223
679,Anne,Berry,aberryiu@ovh.net,Female,250.225.107.206
680,Doris,Cunningham,dcunninghamiv@shutterfly.com,Female,79.3.4.88
681,Steve,Torres,storresiw@yellowbook.com,Male,17.99.28.243
682,Timothy,Ortiz,tortizix@huffingtonpost.com,Male,56.149.9.69
683,Bobby,Griffin,bgriffiniy@time.com,Male,173.161.102.81
684,Randy,Ramos,rramosiz@google.com.br,Male,47.72.2.190
685,Lois,Parker,lparkerj0@studiopress.com,Female,42.127.33.37
686,Billy,Diaz,bdiazj1@de.vu,Male,48.170.60.252
687,Annie,Hernandez,ahernandezj2@infoseek.co.jp,Female,196.66.130.123
688,Joshua,Arnold,jarnoldj3@dailymotion.com,Male,211.56.45.253
689,Evelyn,Stephens,estephensj4@kickstarter.com,Female,176.200.237.233
690,Janet,Howard,jhowardj5@newyorker.com,Female,99.27.63.243
691,Benjamin,Patterson,bpattersonj6@51.la,Male,60.125.238.44
692,Elizabeth,Williams,ewilliamsj7@craigslist.org,Female,83.70.167.196
693,Judy,Warren,jwarrenj8@ucoz.ru,Female,214.88.155.107
694,William,Woods,wwoodsj9@ft.com,Male,218.110.135.137
695,Teresa,Burke,tburkeja@toplist.cz,Female,142.127.112.62
696,Robert,Lynch,rlynchjb@umn.edu,Male,123.98.52.200
697,Phillip,Coleman,pcolemanjc@dion.ne.jp,Male,84.90.193.117
698,Linda,Hall,lhalljd@hatena.ne.jp,Female,105.226.50.102
699,Mildred,Holmes,mholmesje@digg.com,Female,69.205.93.27
700,Mark,Welch,mwelchjf@reverbnation.com,Male,214.27.218.64
701,Teresa,Reid,treidjg@cdc.gov,Female,10.225.19.60
702,Julie,Sanchez,jsanchezjh@indiatimes.com,Female,33.91.0.115
703,Mary,Warren,mwarrenji@technorati.com,Female,164.63.126.179
704,Paul,Murray,pmurrayjj@springer.com,Male,53.254.185.38
705,Sean,Vasquez,svasquezjk@google.de,Male,238.182.210.86
706,Dennis,Mcdonald,dmcdonaldjl@dedecms.com,Male,231.141.63.138
707,Tina,Barnes,tbarnesjm@opera.com,Female,212.3.64.110
708,Patrick,Evans,pevansjn@theatlantic.com,Male,155.192.207.9
709,Martin,Fernandez,mfernandezjo@friendfeed.com,Male,95.227.233.190
710,Laura,Lopez,llopezjp@surveymonkey.com,Female,91.204.71.24
711,Larry,Ray,lrayjq@hibu.com,Male,30.140.241.169
712,William,Reed,wreedjr@vk.com,Male,162.197.22.5
713,Jeremy,Crawford,jcrawfordjs@abc.net.au,Male,134.30.72.145
714,Kathryn,Vasquez,kvasquezjt@wunderground.com,Female,18.71.139.166
715,Thomas,Foster,tfosterju@free.fr,Male,249.45.163.167
716,Donald,Turner,dturnerjv@naver.com,Male,166.63.18.216
717,Raymond,West,rwestjw@sun.com,Male,84.79.190.131
718,Lois,Holmes,lholmesjx@edublogs.org,Female,167.170.111.21
719,Justin,Kennedy,jkennedyjy@deliciousdays.com,Male,161.107.179.165
720,Craig,Weaver,cweaverjz@hibu.com,Male,98.14.164.176
721,Denise,Austin,daustink0@cmu.edu,Female,232.161.184.205
722,Cynthia,Elliott,celliottk1@dagondesign.com,Female,15.207.43.5
723,Judith,Wells,jwellsk2@chron.com,Female,151.211.110.140
724,Melissa,Pierce,mpiercek3@techcrunch.com,Female,174.69.184.172
725,Kenneth,Campbell,kcampbellk4@typepad.com,Male,96.235.216.225
726,Carol,Hamilton,chamiltonk5@cyberchimps.com,Female,163.173.130.34
727,Carlos,Franklin,cfranklink6@irs.gov,Male,180.61.97.119
728,Andrea,Peters,apetersk7@51.la,Female,113.156.168.13
729,Nancy,Frazier,nfrazierk8@nasa.gov,Female,210.136.175.238
730,Jerry,Williams,jwilliamsk9@pcworld.com,Male,249.201.202.125
731,Nicholas,Porter,nporterka@cmu.edu,Male,184.152.244.202
732,Ryan,Lee,rleekb@feedburner.com,Male,185.15.179.39
733,Gregory,Burns,gburnskc@bravesites.com,Male,65.150.33.225
734,Nicholas,Clark,nclarkkd@usnews.com,Male,160.35.54.77
735,Sharon,Peters,speterske@goodreads.com,Female,159.98.124.205
736,Dennis,Carpenter,dcarpenterkf@cornell.edu,Male,39.91.113.106
737,Laura,Willis,lwilliskg@sitemeter.com,Female,191.184.21.111
738,Andrea,Kennedy,akennedykh@state.gov,Female,158.145.157.39
739,Ann,Wells,awellski@friendfeed.com,Female,151.64.66.136
740,Barbara,Garrett,bgarrettkj@ftc.gov,Female,204.85.171.216
741,Carlos,Woods,cwoodskk@reddit.com,Male,150.158.60.16
742,Ruby,Rogers,rrogerskl@pinterest.com,Female,104.114.141.245
743,Joseph,Baker,jbakerkm@unicef.org,Male,53.23.32.200
744,Wanda,Parker,wparkerkn@ft.com,Female,168.45.213.127
745,Carlos,Fernandez,cfernandezko@census.gov,Male,25.60.166.4
746,Anna,Ruiz,aruizkp@gnu.org,Female,83.228.218.165
747,Tina,Riley,trileykq@myspace.com,Female,192.205.64.20
748,Jonathan,Fields,jfieldskr@blog.com,Male,6.203.70.21
749,Philip,Lawrence,plawrenceks@tripod.com,Male,196.28.233.73
750,Ruby,Bell,rbellkt@imgur.com,Female,220.222.71.76
751,Louis,Reyes,lreyesku@xinhuanet.com,Male,81.158.34.86
752,Nicole,Elliott,nelliottkv@fc2.com,Female,216.97.240.46
753,Annie,Hunt,ahuntkw@upenn.edu,Female,67.214.227.43
754,Pamela,Washington,pwashingtonkx@examiner.com,Female,29.220.157.118
755,Jeffrey,Burton,jburtonky@kickstarter.com,Male,232.26.208.216
756,Lawrence,Adams,ladamskz@java.com,Male,245.143.239.86
757,Todd,Bennett,tbennettl0@reuters.com,Male,81.106.51.162
758,Kathy,Bryant,kbryantl1@histats.com,Female,142.203.81.97
759,Tammy,Diaz,tdiazl2@cbc.ca,Female,47.27.152.12
760,Mildred,Wright,mwrightl3@facebook.com,Female,13.177.111.182
761,Lawrence,Kelly,lkellyl4@bing.com,Male,53.7.193.207
762,Rebecca,Reid,rreidl5@time.com,Female,200.209.137.104
763,Jimmy,Garcia,jgarcial6@tinyurl.com,Male,86.133.23.47
764,Jack,Garza,jgarzal7@wikipedia.org,Male,9.17.149.99
765,Melissa,Shaw,mshawl8@eepurl.com,Female,101.192.44.235
766,Daniel,Simpson,dsimpsonl9@delicious.com,Male,20.135.123.96
767,Wayne,Carroll,wcarrollla@usatoday.com,Male,234.11.174.222
768,Melissa,Taylor,mtaylorlb@joomla.org,Female,214.149.23.73
769,Ann,Woods,awoodslc@rediff.com,Female,117.6.200.49
770,Carlos,Henderson,chendersonld@springer.com,Male,56.222.99.175
771,Philip,James,pjamesle@nature.com,Male,98.174.122.46
772,Clarence,Vasquez,cvasquezlf@github.com,Male,202.140.161.210
773,Martha,Jones,mjoneslg@nydailynews.com,Female,39.99.94.20
774,Steve,Collins,scollinslh@ycombinator.com,Male,117.76.15.68
775,Rose,Davis,rdavisli@china.com.cn,Female,6.206.46.106
776,Bonnie,Shaw,bshawlj@huffingtonpost.com,Female,93.25.218.3
777,Janice,Chavez,jchavezlk@hhs.gov,Female,160.109.237.15
778,Brian,Grant,bgrantll@europa.eu,Male,41.28.214.16
779,Patricia,Jenkins,pjenkinslm@umich.edu,Female,194.66.130.185
780,Willie,Perry,wperryln@ucoz.com,Male,48.124.80.7
781,Marilyn,Kelly,mkellylo@ucla.edu,Female,22.196.27.150
782,Emily,Palmer,epalmerlp@cpanel.net,Female,58.244.188.1
783,Dorothy,Burton,dburtonlq@cnn.com,Female,188.132.202.171
784,Aaron,Garcia,agarcialr@macromedia.com,Male,186.100.175.203
785,Joshua,Butler,jbutlerls@illinois.edu,Male,154.47.248.227
786,Jack,Johnston,jjohnstonlt@jimdo.com,Male,142.254.213.235
787,Dennis,Howell,dhowelllu@adobe.com,Male,44.213.25.218
788,Laura,Mccoy,lmccoylv@unc.edu,Female,11.228.46.180
789,Gregory,Smith,gsmithlw@blogs.com,Male,187.16.106.28
790,Adam,Tucker,atuckerlx@sciencedaily.com,Male,14.67.50.197
791,Phyllis,Lane,planely@washington.edu,Female,154.46.250.173
792,Samuel,Cunningham,scunninghamlz@pen.io,Male,71.229.177.105
793,Robin,Chapman,rchapmanm0@google.nl,Female,123.107.3.120
794,Edward,Wheeler,ewheelerm1@a8.net,Male,134.33.18.34
795,Roger,Gonzales,rgonzalesm2@zimbio.com,Male,240.81.169.221
796,Dorothy,Sullivan,dsullivanm3@mlb.com,Female,38.37.169.56
797,Jennifer,Gardner,jgardnerm4@bigcartel.com,Female,17.146.237.79
798,Heather,Fowler,hfowlerm5@apple.com,Female,46.153.57.137
799,Charles,Adams,cadamsm6@deviantart.com,Male,9.14.126.54
800,Deborah,Stone,dstonem7@taobao.com,Female,177.23.32.41
801,Anna,Carter,acarterm8@1688.com,Female,156.94.207.239
802,Raymond,Armstrong,rarmstrongm9@spotify.com,Male,108.231.232.194
803,Carol,Stewart,cstewartma@sphinn.com,Female,65.248.227.161
804,Joan,Jacobs,jjacobsmb@technorati.com,Female,221.132.226.89
805,Thomas,Jenkins,tjenkinsmc@sun.com,Male,129.75.207.40
806,Louise,Day,ldaymd@soup.io,Female,101.134.72.177
807,Robin,Holmes,rholmesme@moonfruit.com,Female,241.26.214.12
808,Maria,Black,mblackmf@mit.edu,Female,71.150.31.179
809,Timothy,Carter,tcartermg@tumblr.com,Male,95.234.113.247
810,Sandra,Oliver,solivermh@mlb.com,Female,19.67.38.178
811,Kevin,Hart,khartmi@bloglovin.com,Male,179.119.43.20
812,Nicole,Campbell,ncampbellmj@tuttocitta.it,Female,64.167.167.36
813,Ruth,Morgan,rmorganmk@xinhuanet.com,Female,170.106.71.245
814,Judy,Dixon,jdixonml@hexun.com,Female,171.107.159.30
815,Richard,Cooper,rcoopermm@xing.com,Male,215.64.220.224
816,Victor,Fernandez,vfernandezmn@zimbio.com,Male,104.117.244.92
817,Betty,Day,bdaymo@skype.com,Female,143.200.246.90
818,Martha,Gardner,mgardnermp@google.co.jp,Female,228.21.214.232
819,Alan,Harper,aharpermq@myspace.com,Male,138.191.59.92
820,Donald,Taylor,dtaylormr@twitter.com,Male,94.5.167.153
821,Roy,Bailey,rbaileyms@microsoft.com,Male,16.220.221.111
822,Eric,Murphy,emurphymt@mediafire.com,Male,93.214.161.130
823,Steven,Perez,sperezmu@delicious.com,Male,249.108.117.172
824,Carlos,Stone,cstonemv@elegantthemes.com,Male,252.129.127.65
825,Henry,Watkins,hwatkinsmw@harvard.edu,Male,154.14.37.155
826,Kimberly,Ramos,kramosmx@census.gov,Female,58.141.36.224
827,Kathryn,Jones,kjonesmy@weibo.com,Female,137.25.135.171
828,Emily,Henderson,ehendersonmz@lulu.com,Female,112.34.162.78
829,Maria,Dixon,mdixonn0@bloglines.com,Female,91.159.44.41
830,Theresa,Rivera,triveran1@prnewswire.com,Female,241.15.64.219
831,Jessica,Martin,jmartinn2@cbc.ca,Female,45.65.226.79
832,Matthew,Hart,mhartn3@wsj.com,Male,220.21.148.37
833,Earl,Rogers,erogersn4@washingtonpost.com,Male,119.216.57.42
834,Samuel,Stanley,sstanleyn5@skyrock.com,Male,11.202.60.172
835,Bobby,Elliott,belliottn6@seattletimes.com,Male,191.174.176.223
836,Gregory,Montgomery,gmontgomeryn7@yellowpages.com,Male,119.64.238.83
837,Albert,Kennedy,akennedyn8@sina.com.cn,Male,21.184.67.151
838,Ashley,Wells,awellsn9@smugmug.com,Female,57.82.235.85
839,Jessica,Wallace,jwallacena@buzzfeed.com,Female,249.91.229.130
840,Maria,Parker,mparkernb@paginegialle.it,Female,75.56.28.27
841,Denise,Moreno,dmorenonc@epa.gov,Female,246.230.240.19
842,Robert,Johnson,rjohnsonnd@senate.gov,Male,90.216.125.179
843,Christine,Chapman,cchapmanne@independent.co.uk,Female,157.58.183.237
844,Jonathan,Diaz,jdiaznf@soup.io,Male,185.194.106.31
845,Lillian,Jordan,ljordanng@phpbb.com,Female,171.179.244.224
846,Judith,Miller,jmillernh@europa.eu,Female,148.38.102.243
847,Cheryl,Hicks,chicksni@scientificamerican.com,Female,9.38.62.176
848,Aaron,Gonzalez,agonzaleznj@ning.com,Male,86.196.254.176
849,Sharon,Thomas,sthomasnk@bbb.org,Female,144.220.234.207
850,Jonathan,Johnston,jjohnstonnl@google.co.jp,Male,33.24.108.243
851,Deborah,Martinez,dmartineznm@e-recht24.de,Female,135.74.157.95
852,Jesse,Crawford,jcrawfordnn@prweb.com,Male,88.82.161.232
853,Edward,Gonzales,egonzalesno@imgur.com,Male,55.174.47.30
854,Diana,Bowman,dbowmannp@so-net.ne.jp,Female,27.219.223.20
855,Doris,Medina,dmedinanq@wsj.com,Female,92.244.5.26
856,Donald,Bennett,dbennettnr@msu.edu,Male,60.65.208.154
857,Juan,Griffin,jgriffinns@domainmarket.com,Male,6.66.105.114
858,Teresa,Webb,twebbnt@indiatimes.com,Female,146.119.89.255
859,Laura,Wagner,lwagnernu@salon.com,Female,203.83.26.104
860,Barbara,Coleman,bcolemannv@hc360.com,Female,43.124.190.171
861,Diane,Coleman,dcolemannw@archive.org,Female,230.212.253.16
862,Walter,Hansen,whansennx@desdev.cn,Male,126.198.179.238
863,Douglas,Alexander,dalexanderny@hibu.com,Male,149.55.131.148
864,Craig,Riley,crileynz@amazon.co.jp,Male,117.146.236.33
865,Gary,Roberts,grobertso0@google.es,Male,155.191.196.32
866,Andrea,Howell,ahowello1@indiegogo.com,Female,44.63.111.162
867,Melissa,Davis,mdaviso2@blinklist.com,Female,119.105.160.100
868,Roger,Peters,rpeterso3@bravesites.com,Male,172.249.0.154
869,Carol,Flores,cfloreso4@artisteer.com,Female,36.180.170.5
870,Roger,Phillips,rphillipso5@angelfire.com,Male,248.243.125.74
871,Amanda,Grant,agranto6@xrea.com,Female,128.33.224.130
872,Jeffrey,Simpson,jsimpsono7@simplemachines.org,Male,105.117.229.217
873,Doris,Little,dlittleo8@tuttocitta.it,Female,105.146.144.74
874,Frank,Hayes,fhayeso9@omniture.com,Male,180.23.111.175
875,Paul,Bailey,pbaileyoa@wunderground.com,Male,103.128.216.3
876,Sarah,Howell,showellob@adobe.com,Female,248.176.5.54
877,Terry,Dean,tdeanoc@google.co.jp,Male,139.6.140.29
878,Jason,Martin,jmartinod@toplist.cz,Male,36.247.126.158
879,Anthony,Edwards,aedwardsoe@nhs.uk,Male,243.131.36.146
880,Terry,Ford,tfordof@ucsd.edu,Male,197.231.144.101
881,Jack,Rose,jroseog@technorati.com,Male,238.20.231.160
882,Lawrence,Mitchell,lmitchelloh@springer.com,Male,155.159.104.55
883,Dennis,Rose,droseoi@blog.com,Male,171.63.238.140
884,Patricia,Hughes,phughesoj@odnoklassniki.ru,Female,45.208.153.204
885,Christine,Kelly,ckellyok@digg.com,Female,38.138.1.252
886,Theresa,Jenkins,tjenkinsol@naver.com,Female,146.255.117.22
887,Walter,Porter,wporterom@surveymonkey.com,Male,13.75.1.17
888,Alice,Stevens,astevenson@newsvine.com,Female,150.40.18.156
889,Billy,Howard,bhowardoo@hostgator.com,Male,146.59.31.129
890,Keith,Richards,krichardsop@instagram.com,Male,5.148.101.77
891,Carlos,Long,clongoq@mtv.com,Male,147.86.140.88
892,Cheryl,Hughes,chughesor@cnet.com,Female,151.205.62.123
893,Ryan,Austin,raustinos@cpanel.net,Male,150.226.97.46
894,Barbara,Williamson,bwilliamsonot@dion.ne.jp,Female,243.68.176.122
895,Jesse,Chavez,jchavezou@a8.net,Male,81.181.226.51
896,Karen,Walker,kwalkerov@rakuten.co.jp,Female,70.77.117.65
897,George,Cruz,gcruzow@amazon.de,Male,253.47.239.70
898,Jessica,Pierce,jpierceox@gravatar.com,Female,207.234.184.253
899,Jimmy,Reid,jreidoy@blogger.com,Male,97.184.22.52
900,Katherine,Harris,kharrisoz@apple.com,Female,106.94.42.158
901,Julie,Castillo,jcastillop0@washingtonpost.com,Female,107.207.75.69
902,Terry,Stone,tstonep1@sciencedaily.com,Male,252.219.92.138
903,Susan,Olson,solsonp2@sourceforge.net,Female,149.33.42.95
904,Betty,Cooper,bcooperp3@icq.com,Female,56.30.222.23
905,Lois,Hamilton,lhamiltonp4@ibm.com,Female,52.95.65.7
906,Billy,Barnes,bbarnesp5@freewebs.com,Male,229.217.31.145
907,Brian,Howard,bhowardp6@blogspot.com,Male,154.102.182.45
908,Barbara,Harrison,bharrisonp7@phoca.cz,Female,252.175.252.86
909,Joan,Young,jyoungp8@sbwire.com,Female,156.87.94.155
910,Randy,Ortiz,rortizp9@diigo.com,Male,112.207.128.86
911,Heather,Hunt,hhuntpa@miibeian.gov.cn,Female,147.49.1.178
912,Jesse,Morgan,jmorganpb@twitpic.com,Male,239.236.216.243
913,Laura,Graham,lgrahampc@shop-pro.jp,Female,88.171.113.58
914,Sharon,Harrison,sharrisonpd@geocities.jp,Female,139.185.167.131
915,Heather,Hanson,hhansonpe@dropbox.com,Female,180.240.211.80
916,Donald,Myers,dmyerspf@amazon.co.jp,Male,137.18.220.14
917,Melissa,Gibson,mgibsonpg@europa.eu,Female,1.57.15.125
918,Diane,Murray,dmurrayph@squarespace.com,Female,76.9.118.209
919,Heather,Harris,hharrispi@blogspot.com,Female,5.125.232.231
920,Theresa,Thompson,tthompsonpj@delicious.com,Female,101.180.177.43
921,Harold,Dunn,hdunnpk@printfriendly.com,Male,40.0.10.91
922,Bruce,Ferguson,bfergusonpl@jalbum.net,Male,57.92.106.73
923,Kathy,Henderson,khendersonpm@google.cn,Female,87.127.233.122
924,Ruby,Stewart,rstewartpn@arstechnica.com,Female,228.182.196.235
925,Eugene,Bradley,ebradleypo@wikimedia.org,Male,77.242.219.173
926,Jason,Kelley,jkelleypp@census.gov,Male,181.5.59.1
927,Jason,Gonzalez,jgonzalezpq@parallels.com,Male,144.78.246.238
928,Julia,Day,jdaypr@ask.com,Female,86.235.24.0
929,Maria,Williams,mwilliamsps@bluehost.com,Female,197.198.232.117
930,Chris,Vasquez,cvasquezpt@istockphoto.com,Male,15.91.71.252
931,Timothy,Burns,tburnspu@chronoengine.com,Male,231.217.80.170
932,Maria,Romero,mromeropv@bloomberg.com,Female,38.71.153.201
933,Douglas,Collins,dcollinspw@quantcast.com,Male,52.107.185.48
934,Shirley,Woods,swoodspx@about.me,Female,172.161.180.248
935,Gary,Palmer,gpalmerpy@state.gov,Male,166.130.213.216
936,Cheryl,Stewart,cstewartpz@reuters.com,Female,25.149.218.164
937,Nicole,Mccoy,nmccoyq0@cyberchimps.com,Female,118.124.195.102
938,Joan,Holmes,jholmesq1@usnews.com,Female,63.70.223.102
939,Shawn,Chapman,schapmanq2@ucoz.com,Male,146.18.134.195
940,Harold,Gordon,hgordonq3@stanford.edu,Male,239.25.162.3
941,Michael,Shaw,mshawq4@t.co,Male,72.39.135.246
942,Evelyn,Morris,emorrisq5@cbsnews.com,Female,41.243.88.144
943,John,Nelson,jnelsonq6@ehow.com,Male,174.111.153.153
944,Elizabeth,Lewis,elewisq7@bbb.org,Female,166.21.222.134
945,Shirley,Gardner,sgardnerq8@uol.com.br,Female,133.25.209.73
946,Victor,Wallace,vwallaceq9@etsy.com,Male,252.7.74.158
947,Tammy,James,tjamesqa@ucoz.com,Female,66.136.32.154
948,Joyce,Larson,jlarsonqb@businessweek.com,Female,201.102.160.238
949,Ralph,Lawson,rlawsonqc@wsj.com,Male,205.145.73.231
950,Jennifer,Simmons,jsimmonsqd@uiuc.edu,Female,99.19.173.31
951,Lois,Rodriguez,lrodriguezqe@cbc.ca,Female,246.85.113.255
952,Beverly,Dean,bdeanqf@jalbum.net,Female,179.170.132.51
953,Patrick,Matthews,pmatthewsqg@virginia.edu,Male,155.82.56.61
954,Kevin,West,kwestqh@technorati.com,Male,224.136.234.130
955,Alan,Bailey,abaileyqi@google.co.jp,Male,56.38.173.72
956,Jennifer,Hunt,jhuntqj@unblog.fr,Female,47.183.193.30
957,Ann,Payne,apayneqk@lycos.com,Female,221.28.119.161
958,Denise,Rogers,drogersql@samsung.com,Female,194.18.77.143
959,Samuel,Johnston,sjohnstonqm@dailymotion.com,Male,238.76.29.41
960,Nicole,Patterson,npattersonqn@soup.io,Female,155.33.88.236
961,Russell,Burke,rburkeqo@qq.com,Male,45.35.52.204
962,Barbara,Lawson,blawsonqp@icio.us,Female,0.35.19.100
963,Howard,Watkins,hwatkinsqq@thetimes.co.uk,Male,194.167.24.177
964,Edward,Hawkins,ehawkinsqr@wp.com,Male,113.254.106.222
965,Gerald,Carr,gcarrqs@diigo.com,Male,68.90.171.192
966,Ruby,Gonzales,rgonzalesqt@last.fm,Female,78.8.26.46
967,Denise,Fox,dfoxqu@weibo.com,Female,182.135.172.3
968,Jessica,Alvarez,jalvarezqv@bbb.org,Female,201.133.15.191
969,Mildred,Bishop,mbishopqw@fema.gov,Female,142.172.31.11
970,Andrew,Cooper,acooperqx@gov.uk,Male,69.182.87.73
971,Ronald,Medina,rmedinaqy@toplist.cz,Male,40.168.63.83
972,Howard,Allen,hallenqz@yandex.ru,Male,96.203.177.96
973,Fred,Wells,fwellsr0@bravesites.com,Male,14.173.116.227
974,Steven,Payne,spayner1@nps.gov,Male,66.6.107.160
975,Virginia,Roberts,vrobertsr2@vk.com,Female,80.151.62.182
976,Joan,Davis,jdavisr3@flavors.me,Female,157.37.172.102
977,Sean,Cook,scookr4@fema.gov,Male,73.220.157.213
978,Jean,Burke,jburker5@woothemes.com,Female,134.216.67.44
979,Shirley,Burns,sburnsr6@jalbum.net,Female,199.218.172.29
980,Nancy,Harris,nharrisr7@xing.com,Female,5.52.128.35
981,Christina,Anderson,candersonr8@dedecms.com,Female,30.206.190.109
982,Sarah,Wheeler,swheelerr9@harvard.edu,Female,182.46.79.3
983,Carl,Grant,cgrantra@shutterfly.com,Male,127.19.92.27
984,Walter,Robertson,wrobertsonrb@miitbeian.gov.cn,Male,236.202.194.2
985,Virginia,Tucker,vtuckerrc@canalblog.com,Female,210.29.159.17
986,Craig,Cole,ccolerd@dailymail.co.uk,Male,158.43.138.153
987,Russell,Marshall,rmarshallre@google.co.jp,Male,211.191.250.252
988,Robert,Austin,raustinrf@indiegogo.com,Male,112.4.43.125
989,Gloria,Jacobs,gjacobsrg@youtu.be,Female,101.171.91.208
990,Rachel,Mitchell,rmitchellrh@washingtonpost.com,Female,224.120.189.94
991,Jennifer,Bowman,jbowmanri@people.com.cn,Female,84.9.87.176
992,Kevin,Hernandez,khernandezrj@noaa.gov,Male,243.180.222.125
993,Martha,Jones,mjonesrk@blogspot.com,Female,68.192.222.175
994,Elizabeth,Kelley,ekelleyrl@webnode.com,Female,31.62.224.65
995,Nancy,Phillips,nphillipsrm@joomla.org,Female,243.15.191.202
996,Julia,Lawrence,jlawrencern@theatlantic.com,Female,243.72.233.180
997,Jacqueline,Morales,jmoralesro@netscape.com,Female,139.66.132.47
998,Jason,Campbell,jcampbellrp@alibaba.com,Male,232.218.68.22
999,Steven,Marshall,smarshallrq@domainmarket.com,Male,122.64.64.243
1000,Bonnie,Ruiz,bruizrr@mayoclinic.com,Female,195.64.134.42
